threshold,fpr_frr,tpr_pd
0.0036893693693693663,1.0,1.0
0.008134340871483726,0.98,1.0
0.012579312373598087,0.98,1.0
0.017024283875712448,0.98,1.0
0.021469255377826808,0.92,0.96
0.025914226879941167,0.9,0.96
0.03035919838205553,0.86,0.96
0.034804169884169886,0.82,0.92
0.03924914138628425,0.78,0.88
0.04369411288839861,0.7,0.78
0.04813908439051297,0.68,0.7
0.05258405589262733,0.56,0.62
0.057029027394741694,0.52,0.6
0.06147399889685605,0.5,0.58
0.0659189703989704,0.48,0.56
0.07036394190108478,0.44,0.56
0.07480891340319913,0.42,0.44
0.07925388490531349,0.4,0.42
0.08369885640742786,0.36,0.36
0.08814382790954221,0.32,0.3
0.09258879941165657,0.24,0.28
0.09703377091377094,0.24,0.28
0.1014787424158853,0.18,0.26
0.10592371391799965,0.14,0.26
0.11036868542011402,0.14,0.24
0.11481365692222838,0.12,0.22
0.11925862842434273,0.08,0.18
0.12370359992645709,0.06,0.14
0.12814857142857145,0.04,0.1
0.13259354293068581,0.02,0.1
0.13703851443280018,0.0,0.08
0.14148348593491453,0.0,0.08
0.1459284574370289,0.0,0.08
0.15037342893914327,0.0,0.08
0.1548184004412576,0.0,0.04
0.15926337194337198,0.0,0.04
0.16370834344548635,0.0,0.04
0.1681533149476007,0.0,0.04
0.17259828644971506,0.0,0.04
0.17704325795182943,0.0,0.02
0.18148822945394377,0.0,0.02
0.18593320095605814,0.0,0.0
0.1903781724581725,0.0,0.0
0.19482314396028685,0.0,0.0
0.19926811546240122,0.0,0.0
0.2037130869645156,0.0,0.0
0.20815805846662994,0.0,0.0
0.2126030299687443,0.0,0.0
0.21704800147085868,0.0,0.0
0.22149297297297302,0.0,0.0
