L,trial,verdict,global_mismatch,threshold,forgery_accepted
16,0,FORGERY_SUSPECTED,0.5,0.48,False
16,1,FORGERY_SUSPECTED,0.4765625,0.48,False
16,2,FORGERY_SUSPECTED,0.47265625,0.48,False
16,3,FORGERY_SUSPECTED,0.50390625,0.48,False
16,4,FORGERY_SUSPECTED,0.515625,0.48,False
16,5,FORGERY_SUSPECTED,0.45703125,0.48,False
16,6,FORGERY_SUSPECTED,0.46875,0.48,False
16,7,FORGERY_SUSPECTED,0.546875,0.48,False
16,8,FORGERY_SUSPECTED,0.4765625,0.48,False
16,9,FORGERY_SUSPECTED,0.48046875,0.48,False
32,0,FORGERY_SUSPECTED,0.48828125,0.48,False
32,1,FORGERY_SUSPECTED,0.486328125,0.48,False
32,2,FORGERY_SUSPECTED,0.482421875,0.48,False
32,3,FORGERY_SUSPECTED,0.455078125,0.48,False
32,4,FORGERY_SUSPECTED,0.50390625,0.48,False
32,5,FORGERY_SUSPECTED,0.48828125,0.48,False
32,6,IMPERSONATION_SUSPECTED,0.5234375,0.48,False
32,7,FORGERY_SUSPECTED,0.48828125,0.48,False
32,8,FORGERY_SUSPECTED,0.482421875,0.48,False
32,9,FORGERY_SUSPECTED,0.5234375,0.48,False
48,0,FORGERY_SUSPECTED,0.4921875,0.4256834141933726,False
48,1,IMPERSONATION_SUSPECTED,0.5143229166666666,0.4256834141933726,False
48,2,IMPERSONATION_SUSPECTED,0.5,0.4256834141933726,False
48,3,IMPERSONATION_SUSPECTED,0.5169270833333334,0.4256834141933726,False
48,4,FORGERY_SUSPECTED,0.4934895833333333,0.4256834141933726,False
48,5,IMPERSONATION_SUSPECTED,0.484375,0.4256834141933726,False
48,6,FORGERY_SUSPECTED,0.48828125,0.4256834141933726,False
48,7,IMPERSONATION_SUSPECTED,0.5104166666666666,0.4256834141933726,False
48,8,FORGERY_SUSPECTED,0.4609375,0.4256834141933726,False
48,9,IMPERSONATION_SUSPECTED,0.4986979166666667,0.4256834141933726,False
64,0,IMPERSONATION_SUSPECTED,0.4912109375,0.3699923966233095,False
64,1,IMPERSONATION_SUSPECTED,0.51953125,0.3699923966233095,False
64,2,IMPERSONATION_SUSPECTED,0.53125,0.3699923966233095,False
64,3,IMPERSONATION_SUSPECTED,0.5224609375,0.3699923966233095,False
64,4,IMPERSONATION_SUSPECTED,0.486328125,0.3699923966233095,False
64,5,IMPERSONATION_SUSPECTED,0.5322265625,0.3699923966233095,False
64,6,IMPERSONATION_SUSPECTED,0.515625,0.3699923966233095,False
64,7,IMPERSONATION_SUSPECTED,0.5009765625,0.3699923966233095,False
64,8,IMPERSONATION_SUSPECTED,0.4716796875,0.3699923966233095,False
64,9,IMPERSONATION_SUSPECTED,0.5068359375,0.3699923966233095,False
96,0,IMPERSONATION_SUSPECTED,0.4986979166666667,0.3039325610029101,False
96,1,IMPERSONATION_SUSPECTED,0.5091145833333334,0.3039325610029101,False
96,2,IMPERSONATION_SUSPECTED,0.4954427083333333,0.3039325610029101,False
96,3,IMPERSONATION_SUSPECTED,0.5149739583333334,0.3039325610029101,False
96,4,IMPERSONATION_SUSPECTED,0.494140625,0.3039325610029101,False
96,5,IMPERSONATION_SUSPECTED,0.49609375,0.3039325610029101,False
96,6,IMPERSONATION_SUSPECTED,0.5013020833333334,0.3039325610029101,False
96,7,IMPERSONATION_SUSPECTED,0.5032552083333334,0.3039325610029101,False
96,8,IMPERSONATION_SUSPECTED,0.490234375,0.3039325610029101,False
96,9,IMPERSONATION_SUSPECTED,0.4850260416666667,0.3039325610029101,False
128,0,IMPERSONATION_SUSPECTED,0.49658203125,0.26455306482793933,False
128,1,IMPERSONATION_SUSPECTED,0.53271484375,0.26455306482793933,False
128,2,IMPERSONATION_SUSPECTED,0.498046875,0.26455306482793933,False
128,3,IMPERSONATION_SUSPECTED,0.51220703125,0.26455306482793933,False
128,4,IMPERSONATION_SUSPECTED,0.5048828125,0.26455306482793933,False
128,5,IMPERSONATION_SUSPECTED,0.49560546875,0.26455306482793933,False
128,6,IMPERSONATION_SUSPECTED,0.51513671875,0.26455306482793933,False
128,7,IMPERSONATION_SUSPECTED,0.50244140625,0.26455306482793933,False
128,8,IMPERSONATION_SUSPECTED,0.49609375,0.26455306482793933,False
128,9,IMPERSONATION_SUSPECTED,0.50830078125,0.26455306482793933,False
160,0,IMPERSONATION_SUSPECTED,0.49609375,0.23767918273447328,False
160,1,IMPERSONATION_SUSPECTED,0.505859375,0.23767918273447328,False
160,2,IMPERSONATION_SUSPECTED,0.520703125,0.23767918273447328,False
160,3,IMPERSONATION_SUSPECTED,0.508984375,0.23767918273447328,False
160,4,IMPERSONATION_SUSPECTED,0.4953125,0.23767918273447328,False
160,5,IMPERSONATION_SUSPECTED,0.503125,0.23767918273447328,False
160,6,IMPERSONATION_SUSPECTED,0.50703125,0.23767918273447328,False
160,7,IMPERSONATION_SUSPECTED,0.478125,0.23767918273447328,False
160,8,IMPERSONATION_SUSPECTED,0.48046875,0.23767918273447328,False
160,9,IMPERSONATION_SUSPECTED,0.50234375,0.23767918273447328,False
